precio;titulo
556;Mouse gamer inalámbrico recargable Logitech  Serie G G502 X Plus black
377;Pmouse Logitech G502 Hero Wireless 16000 Dpi Rgb Gaming Color Negro
624;Mouse Para Juegos Logitech G502 X Plus Wireless Rgb 
699;Mouse Gamer Logitech G502 X Plus 25k Dpi Lightforce Rgb
608;Mouse Gamer Inalambrico Logitech G502 Lightspeed
399;Mouse Para Juegos Logitech G502 X Plus Wireless Rgb - Negro
625;Mouse Gamer Logitech G502  Sensor Hero 11 Botones -  25k Dpi
263;Mouse gamer Logitech  G Series Hero G502 negro
231;Mouse Logitech G502 Hero Gaming
315;Mouse gamer Logitech  G Series G502 Hero negro
189;Mouse Logitech G502 Lightspeed Wirelees Gaming
315;Mouse Gamer Usb Logitech G502 Hero 25.600 Dpi
189;Mouse Gamer Logitech G G502 Hero Sellado Nuevo
315;Mouse Gamer Logitech G G502 Lightspeed Wireless Envios Tdo 
189;Mouse Logitech G502 Hero Gamer 25000 Dpi
409;Mouse Gamer Logitech G502 Hero Lightspeed Wirelees Black
238;Mouse Gamer Logitech G502 Ligthspeed Inalambrico Black
249;Mouse Logitech G502 Hero 16000 Dpi Rgb Black Usb
194;Mouse Gamer Logitech G502 X Plus 25k Dpi Lightforce Rgb
499;Mouse Logitech G502 X Hero 25k Dpi Black
449;Mouse Logitech G502 X Plus Lightspeed 25k Dpi Lightsync Rgb
249;Mouse Gamer Logitech G502 Hero Inalambrico Rgb Ligthspeed
488;Mouse Logitech G502 X Lightforce Gaming Negro - 89 Gramos
448; Mouse Logitech G502 Ligthspeed Wireless Black
415;Logitech G502 Mouse Gamer Luz Rbg 11 Botones Programables
255;Mouse Logitech G502 Hero Gamer Lightsync Rgb
589;Mouse Gamer Logitech G502x Gaming Negro 1
350;Gratis!!! Mouse Logitech G502 Hero Wireless 25600 Dpi Rgb
333;Mouse Logitech G502 Ligthspeed Wireless Black (910-005565)
644;Mouse Logitech G502 Lightspeed Hero Wireless Recargable
612;Mouse Logitech G502 Hero 16000 Dpi Rgb Black
450;Mouse Logitech G502 Hero Gamer 11 Bot Usb Win Mac 910-005469
346;[ ] Mouse Logitech G502 Hero ( 910-005469 ) Gaming | Led- Rg
434;Mouse Logitech G502 Ligthspeed Inalámbrico Black
412;Mouse Logitech G502 Hero Gaming Black
247;Mouse Logitech G502 Hero Lightspeed Rgb 16kdpi 11bot Bat48h
237;[ ] Mouse Óptico Gamer Logitech G502 Hero
350; 100 - 16000 Dpi
432;Mouse Inalámbrico Logitech G502 Lightspeed Rgb 910-005565
435;Mouse Gamer Logitech G502 Hero 16000 Dpi 11 Botones Usb
413;Mouse Logitech G502 Ligthspeed Wireless Black
436;Mouse De Juego Logitech  G Series G502 Hero Negro
238;Mouse Gamer Logitech G502 Wireless 
399;Mouse Gamer Logitech G502 X Plus 25k Dpi  Rgb Color Negro
299;Mouse Logitech G502 X 25k Dpi Color Negro
299;Mouse Logitech G502 Ligthspeed Inalámbrico Color Negro
413;Mouse Logitech G G502 Hero 25k Wireless Lightspeed
241;Mouse Logitech Gamer G502 X Hero 25k Dpi Black
229;Mouse Gamer Logitech  G502 Lightspeed Wireless- Ntperu
439;Mouse Gamer Logitech G502 X Plus 25k Dpi Lightforce Rgb
299;Mouse Gamer Inalámbrico Logitech Serie G G502 X Plus
